{
  "rmse": 27.087278284872983,
  "mae": 19.264851139999998,
  "r2": 0.5751151998493971,
  "n_samples": 100
}