{
  "rmse": 27.087278193541856,
  "mae": 19.26485104084015,
  "r2": 0.5751152027145952,
  "n_samples": 100
}